mango_id,filename,orientation,is_ripe,m_height,m_width,m_thickness,m_volume,m_weight,b_height,b_width,b_thickness,b_volume,b_weight,has_aruco
1,mango1_sia_r.jpg,side,1,8.1,6.3,5.4,170.0,168.1,6.2,3.8,1.8,25.0,21.3,0
1,mango1_sia_r_ver.jpg,side,1,8.1,6.3,5.4,170.0,168.1,6.2,3.8,1.8,25.0,21.3,0
1,mango1_sib_r.jpg,side,1,8.1,6.3,5.4,170.0,168.1,6.2,3.8,1.8,25.0,21.3,0
1,mango1_sib_r_ver.jpg,side,1,8.1,6.3,5.4,170.0,168.1,6.2,3.8,1.8,25.0,21.3,0
2,mango2_sia_r.jpg,side,1,8.8,7.3,6.3,225.0,218.4,6.5,4.4,2.3,30.0,29.6,0
2,mango2_sia_r_ver.jpg,side,1,8.8,7.3,6.3,225.0,218.4,6.5,4.4,2.3,30.0,29.6,0
2,mango2_sib_r.jpg,side,1,8.8,7.3,6.3,225.0,218.4,6.5,4.4,2.3,30.0,29.6,0
2,mango2_sib_r_ver.jpg,side,1,8.8,7.3,6.3,225.0,218.4,6.5,4.4,2.3,30.0,29.6,0
3,mango3_sia_u.jpg,side,0,8.2,6.4,4.6,145.0,124.1,5.8,3.9,2.3,20.0,22.1,0
3,mango3_sia_u_ver.jpg,side,0,8.2,6.4,4.6,145.0,124.1,5.8,3.9,2.3,20.0,22.1,0
3,mango3_sib_u.jpg,side,0,8.2,6.4,4.6,145.0,124.1,5.8,3.9,2.3,20.0,22.1,0
3,mango3_sib_u_ver.jpg,side,0,8.2,6.4,4.6,145.0,124.1,5.8,3.9,2.3,20.0,22.1,0
4,mango4_bot_r.jpg,bottom,1,8.4,6.9,6.0,200.0,202.3,6.0,3.8,1.9,25.0,30.2,0
4,mango4_bot_r_hor.jpg,bottom,1,8.4,6.9,6.0,200.0,202.3,6.0,3.8,1.9,25.0,30.2,0
4,mango4_bot_r_ver.jpg,bottom,1,8.4,6.9,6.0,200.0,202.3,6.0,3.8,1.9,25.0,30.2,0
4,mango4_sia_r.jpg,side,1,8.4,6.9,6.0,200.0,202.3,6.0,3.8,1.9,25.0,30.2,0
4,mango4_sia_r_ver.jpg,side,1,8.4,6.9,6.0,200.0,202.3,6.0,3.8,1.9,25.0,30.2,0
4,mango4_sib_r.jpg,side,1,8.4,6.9,6.0,200.0,202.3,6.0,3.8,1.9,25.0,30.2,0
4,mango4_sib_r_ver.jpg,side,1,8.4,6.9,6.0,200.0,202.3,6.0,3.8,1.9,25.0,30.2,0
4,mango4_top_r.jpg,top,1,8.4,6.9,6.0,200.0,202.3,6.0,3.8,1.9,25.0,30.2,0
4,mango4_top_r_hor.jpg,top,1,8.4,6.9,6.0,200.0,202.3,6.0,3.8,1.9,25.0,30.2,0
4,mango4_top_r_ver.jpg,top,1,8.4,6.9,6.0,200.0,202.3,6.0,3.8,1.9,25.0,30.2,0
5,mango5_bot_u.jpg,bottom,0,6.7,5.3,5.9,110.0,104.2,5.0,3.1,1.5,15.0,13.2,0
5,mango5_bot_u_hor.jpg,bottom,0,6.7,5.3,5.9,110.0,104.2,5.0,3.1,1.5,15.0,13.2,0
5,mango5_bot_u_ver.jpg,bottom,0,6.7,5.3,5.9,110.0,104.2,5.0,3.1,1.5,15.0,13.2,0
5,mango5_sia_u.jpg,side,0,6.7,5.3,5.9,110.0,104.2,5.0,3.1,1.5,15.0,13.2,0
5,mango5_sia_u_ver.jpg,side,0,6.7,5.3,5.9,110.0,104.2,5.0,3.1,1.5,15.0,13.2,0
5,mango5_sib_u.jpg,side,0,6.7,5.3,5.9,110.0,104.2,5.0,3.1,1.5,15.0,13.2,0
5,mango5_sib_u_ver.jpg,side,0,6.7,5.3,5.9,110.0,104.2,5.0,3.1,1.5,15.0,13.2,0
5,mango5_top_u.jpg,top,0,6.7,5.3,5.9,110.0,104.2,5.0,3.1,1.5,15.0,13.2,0
5,mango5_top_u_hor.jpg,top,0,6.7,5.3,5.9,110.0,104.2,5.0,3.1,1.5,15.0,13.2,0
5,mango5_top_u_ver.jpg,top,0,6.7,5.3,5.9,110.0,104.2,5.0,3.1,1.5,15.0,13.2,0
6,mango6_bot_r.jpg,bottom,1,9.0,7.4,7.9,250.0,247.8,6.5,4.3,2.2,35.0,35.0,0
6,mango6_bot_r_hor.jpg,bottom,1,9.0,7.4,7.9,250.0,247.8,6.5,4.3,2.2,35.0,35.0,0
6,mango6_bot_r_ver.jpg,bottom,1,9.0,7.4,7.9,250.0,247.8,6.5,4.3,2.2,35.0,35.0,0
6,mango6_sia_r.jpg,side,1,9.0,7.4,7.9,250.0,247.8,6.5,4.3,2.2,35.0,35.0,0
6,mango6_sia_r_ver.jpg,side,1,9.0,7.4,7.9,250.0,247.8,6.5,4.3,2.2,35.0,35.0,0
6,mango6_sib_r.jpg,side,1,9.0,7.4,7.9,250.0,247.8,6.5,4.3,2.2,35.0,35.0,0
6,mango6_sib_r_ver.jpg,side,1,9.0,7.4,7.9,250.0,247.8,6.5,4.3,2.2,35.0,35.0,0
6,mango6_top_r.jpg,top,1,9.0,7.4,7.9,250.0,247.8,6.5,4.3,2.2,35.0,35.0,0
6,mango6_top_r_hor.jpg,top,1,9.0,7.4,7.9,250.0,247.8,6.5,4.3,2.2,35.0,35.0,0
6,mango6_top_r_ver.jpg,top,1,9.0,7.4,7.9,250.0,247.8,6.5,4.3,2.2,35.0,35.0,0
7,mango7_bot_r.jpg,bottom,1,8.3,6.8,6.0,190.0,195.3,6.0,3.8,1.9,25.0,28.0,0
7,mango7_bot_r_hor.jpg,bottom,1,8.3,6.8,6.0,190.0,195.3,6.0,3.8,1.9,25.0,28.0,0
7,mango7_bot_r_ver.jpg,bottom,1,8.3,6.8,6.0,190.0,195.3,6.0,3.8,1.9,25.0,28.0,0
7,mango7_sia_r.jpg,side,1,8.3,6.8,6.0,190.0,195.3,6.0,3.8,1.9,25.0,28.0,0
7,mango7_sia_r_ver.jpg,side,1,8.3,6.8,6.0,190.0,195.3,6.0,3.8,1.9,25.0,28.0,0
7,mango7_sib_r.jpg,side,1,8.3,6.8,6.0,190.0,195.3,6.0,3.8,1.9,25.0,28.0,0
7,mango7_sib_r_ver.jpg,side,1,8.3,6.8,6.0,190.0,195.3,6.0,3.8,1.9,25.0,28.0,0
7,mango7_top_r.jpg,top,1,8.3,6.8,6.0,190.0,195.3,6.0,3.8,1.9,25.0,28.0,0
7,mango7_top_r_hor.jpg,top,1,8.3,6.8,6.0,190.0,195.3,6.0,3.8,1.9,25.0,28.0,0
7,mango7_top_r_ver.jpg,top,1,8.3,6.8,6.0,190.0,195.3,6.0,3.8,1.9,25.0,28.0,0
8,mango8_bot_r.jpg,bottom,1,8.4,6.7,6.2,195.0,202.9,6.1,3.8,1.9,25.0,29.0,0
8,mango8_bot_r_hor.jpg,bottom,1,8.4,6.7,6.2,195.0,202.9,6.1,3.8,1.9,25.0,29.0,0
8,mango8_bot_r_ver.jpg,bottom,1,8.4,6.7,6.2,195.0,202.9,6.1,3.8,1.9,25.0,29.0,0
8,mango8_sia_r.jpg,side,1,8.4,6.7,6.2,195.0,202.9,6.1,3.8,1.9,25.0,29.0,0
8,mango8_sia_r_ver.jpg,side,1,8.4,6.7,6.2,195.0,202.9,6.1,3.8,1.9,25.0,29.0,0
8,mango8_sib_r.jpg,side,1,8.4,6.7,6.2,195.0,202.9,6.1,3.8,1.9,25.0,29.0,0
8,mango8_sib_r_ver.jpg,side,1,8.4,6.7,6.2,195.0,202.9,6.1,3.8,1.9,25.0,29.0,0
8,mango8_top_r.jpg,top,1,8.4,6.7,6.2,195.0,202.9,6.1,3.8,1.9,25.0,29.0,0
8,mango8_top_r_hor.jpg,top,1,8.4,6.7,6.2,195.0,202.9,6.1,3.8,1.9,25.0,29.0,0
8,mango8_top_r_ver.jpg,top,1,8.4,6.7,6.2,195.0,202.9,6.1,3.8,1.9,25.0,29.0,0
9,mango9_bot_r.jpg,bottom,1,8.8,7.3,6.5,220.0,227.7,6.4,4.1,2.1,30.0,32.0,0
9,mango9_bot_r_hor.jpg,bottom,1,8.8,7.3,6.5,220.0,227.7,6.4,4.1,2.1,30.0,32.0,0
9,mango9_bot_r_ver.jpg,bottom,1,8.8,7.3,6.5,220.0,227.7,6.4,4.1,2.1,30.0,32.0,0
9,mango9_sia_r.jpg,side,1,8.8,7.3,6.5,220.0,227.7,6.4,4.1,2.1,30.0,32.0,0
9,mango9_sia_r_ver.jpg,side,1,8.8,7.3,6.5,220.0,227.7,6.4,4.1,2.1,30.0,32.0,0
9,mango9_sib_r.jpg,side,1,8.8,7.3,6.5,220.0,227.7,6.4,4.1,2.1,30.0,32.0,0
9,mango9_sib_r_ver.jpg,side,1,8.8,7.3,6.5,220.0,227.7,6.4,4.1,2.1,30.0,32.0,0
9,mango9_top_r.jpg,top,1,8.8,7.3,6.5,220.0,227.7,6.4,4.1,2.1,30.0,32.0,0
9,mango9_top_r_hor.jpg,top,1,8.8,7.3,6.5,220.0,227.7,6.4,4.1,2.1,30.0,32.0,0
9,mango9_top_r_ver.jpg,top,1,8.8,7.3,6.5,220.0,227.7,6.4,4.1,2.1,30.0,32.0,0
10,mango10_bot_u.jpg,bottom,0,6.2,5.7,4.5,80.0,74.1,4.5,2.7,1.4,10.0,8.5,0
10,mango10_bot_u_hor.jpg,bottom,0,6.2,5.7,4.5,80.0,74.1,4.5,2.7,1.4,10.0,8.5,0
10,mango10_bot_u_ver.jpg,bottom,0,6.2,5.7,4.5,80.0,74.1,4.5,2.7,1.4,10.0,8.5,0
10,mango10_sia_u.jpg,side,0,6.2,5.7,4.5,80.0,74.1,4.5,2.7,1.4,10.0,8.5,0
10,mango10_sia_u_ver.jpg,side,0,6.2,5.7,4.5,80.0,74.1,4.5,2.7,1.4,10.0,8.5,0
10,mango10_sib_u.jpg,side,0,6.2,5.7,4.5,80.0,74.1,4.5,2.7,1.4,10.0,8.5,0
10,mango10_sib_u_ver.jpg,side,0,6.2,5.7,4.5,80.0,74.1,4.5,2.7,1.4,10.0,8.5,0
10,mango10_top_u.jpg,top,0,6.2,5.7,4.5,80.0,74.1,4.5,2.7,1.4,10.0,8.5,0
10,mango10_top_u_hor.jpg,top,0,6.2,5.7,4.5,80.0,74.1,4.5,2.7,1.4,10.0,8.5,0
10,mango10_top_u_ver.jpg,top,0,6.2,5.7,4.5,80.0,74.1,4.5,2.7,1.4,10.0,8.5,0
11,mango11_bac_u.jpg,back,0,9.0,6.9,6.4,215.0,190.1,6.4,4.1,2.5,42.0,35.9,0
11,mango11_bac_u_hor.jpg,back,0,9.0,6.9,6.4,215.0,190.1,6.4,4.1,2.5,42.0,35.9,0
11,mango11_bac_u_ver.jpg,back,0,9.0,6.9,6.4,215.0,190.1,6.4,4.1,2.5,42.0,35.9,0
11,mango11_bot_u.jpg,bottom,0,9.0,6.9,6.4,215.0,190.1,6.4,4.1,2.5,42.0,35.9,0
11,mango11_bot_u_hor.jpg,bottom,0,9.0,6.9,6.4,215.0,190.1,6.4,4.1,2.5,42.0,35.9,0
11,mango11_bot_u_ver.jpg,bottom,0,9.0,6.9,6.4,215.0,190.1,6.4,4.1,2.5,42.0,35.9,0
11,mango11_fro_u.jpg,front,0,9.0,6.9,6.4,215.0,190.1,6.4,4.1,2.5,42.0,35.9,0
11,mango11_fro_u_hor.jpg,front,0,9.0,6.9,6.4,215.0,190.1,6.4,4.1,2.5,42.0,35.9,0
11,mango11_fro_u_ver.jpg,front,0,9.0,6.9,6.4,215.0,190.1,6.4,4.1,2.5,42.0,35.9,0
11,mango11_sia_u.jpg,side,0,9.0,6.9,6.4,215.0,190.1,6.4,4.1,2.5,42.0,35.9,0
11,mango11_sia_u_ver.jpg,side,0,9.0,6.9,6.4,215.0,190.1,6.4,4.1,2.5,42.0,35.9,0
11,mango11_sib_u.jpg,side,0,9.0,6.9,6.4,215.0,190.1,6.4,4.1,2.5,42.0,35.9,0
11,mango11_sib_u_ver.jpg,side,0,9.0,6.9,6.4,215.0,190.1,6.4,4.1,2.5,42.0,35.9,0
11,mango11_top_u.jpg,top,0,9.0,6.9,6.4,215.0,190.1,6.4,4.1,2.5,42.0,35.9,0
11,mango11_top_u_hor.jpg,top,0,9.0,6.9,6.4,215.0,190.1,6.4,4.1,2.5,42.0,35.9,0
11,mango11_top_u_ver.jpg,top,0,9.0,6.9,6.4,215.0,190.1,6.4,4.1,2.5,42.0,35.9,0
12,mango12_bac_u.jpg,back,0,7.6,6.3,5.4,150.0,130.9,5.9,3.9,2.1,25.0,23.9,0
12,mango12_bac_u_hor.jpg,back,0,7.6,6.3,5.4,150.0,130.9,5.9,3.9,2.1,25.0,23.9,0
12,mango12_bac_u_ver.jpg,back,0,7.6,6.3,5.4,150.0,130.9,5.9,3.9,2.1,25.0,23.9,0
12,mango12_bot_u.jpg,bottom,0,7.6,6.3,5.4,150.0,130.9,5.9,3.9,2.1,25.0,23.9,0
12,mango12_bot_u_hor.jpg,bottom,0,7.6,6.3,5.4,150.0,130.9,5.9,3.9,2.1,25.0,23.9,0
12,mango12_bot_u_ver.jpg,bottom,0,7.6,6.3,5.4,150.0,130.9,5.9,3.9,2.1,25.0,23.9,0
12,mango12_fro_u.jpg,front,0,7.6,6.3,5.4,150.0,130.9,5.9,3.9,2.1,25.0,23.9,0
12,mango12_fro_u_hor.jpg,front,0,7.6,6.3,5.4,150.0,130.9,5.9,3.9,2.1,25.0,23.9,0
12,mango12_fro_u_ver.jpg,front,0,7.6,6.3,5.4,150.0,130.9,5.9,3.9,2.1,25.0,23.9,0
12,mango12_sia_u.jpg,side,0,7.6,6.3,5.4,150.0,130.9,5.9,3.9,2.1,25.0,23.9,0
12,mango12_sia_u_ver.jpg,side,0,7.6,6.3,5.4,150.0,130.9,5.9,3.9,2.1,25.0,23.9,0
12,mango12_sib_u.jpg,side,0,7.6,6.3,5.4,150.0,130.9,5.9,3.9,2.1,25.0,23.9,0
12,mango12_sib_u_ver.jpg,side,0,7.6,6.3,5.4,150.0,130.9,5.9,3.9,2.1,25.0,23.9,0
12,mango12_top_u.jpg,top,0,7.6,6.3,5.4,150.0,130.9,5.9,3.9,2.1,25.0,23.9,0
12,mango12_top_u_hor.jpg,top,0,7.6,6.3,5.4,150.0,130.9,5.9,3.9,2.1,25.0,23.9,0
12,mango12_top_u_ver.jpg,top,0,7.6,6.3,5.4,150.0,130.9,5.9,3.9,2.1,25.0,23.9,0
13,mango13_bac_u.jpg,back,0,7.9,6.2,5.4,150.0,131.7,6.0,4.1,2.2,35.0,29.0,0
13,mango13_bac_u_hor.jpg,back,0,7.9,6.2,5.4,150.0,131.7,6.0,4.1,2.2,35.0,29.0,0
13,mango13_bac_u_ver.jpg,back,0,7.9,6.2,5.4,150.0,131.7,6.0,4.1,2.2,35.0,29.0,0
13,mango13_bot_u.jpg,bottom,0,7.9,6.2,5.4,150.0,131.7,6.0,4.1,2.2,35.0,29.0,0
13,mango13_bot_u_hor.jpg,bottom,0,7.9,6.2,5.4,150.0,131.7,6.0,4.1,2.2,35.0,29.0,0
13,mango13_bot_u_ver.jpg,bottom,0,7.9,6.2,5.4,150.0,131.7,6.0,4.1,2.2,35.0,29.0,0
13,mango13_fro_u.jpg,front,0,7.9,6.2,5.4,150.0,131.7,6.0,4.1,2.2,35.0,29.0,0
13,mango13_fro_u_hor.jpg,front,0,7.9,6.2,5.4,150.0,131.7,6.0,4.1,2.2,35.0,29.0,0
13,mango13_fro_u_ver.jpg,front,0,7.9,6.2,5.4,150.0,131.7,6.0,4.1,2.2,35.0,29.0,0
13,mango13_sia_u.jpg,side,0,7.9,6.2,5.4,150.0,131.7,6.0,4.1,2.2,35.0,29.0,0
13,mango13_sia_u_ver.jpg,side,0,7.9,6.2,5.4,150.0,131.7,6.0,4.1,2.2,35.0,29.0,0
13,mango13_sib_u.jpg,side,0,7.9,6.2,5.4,150.0,131.7,6.0,4.1,2.2,35.0,29.0,0
13,mango13_sib_u_ver.jpg,side,0,7.9,6.2,5.4,150.0,131.7,6.0,4.1,2.2,35.0,29.0,0
13,mango13_top_u.jpg,top,0,7.9,6.2,5.4,150.0,131.7,6.0,4.1,2.2,35.0,29.0,0
13,mango13_top_u_hor.jpg,top,0,7.9,6.2,5.4,150.0,131.7,6.0,4.1,2.2,35.0,29.0,0
13,mango13_top_u_ver.jpg,top,0,7.9,6.2,5.4,150.0,131.7,6.0,4.1,2.2,35.0,29.0,0
14,mango14_bac_r.jpg,back,1,8.7,6.9,6.4,220.0,218.2,6.3,3.7,2.0,32.0,31.4,0
14,mango14_bac_r_hor.jpg,back,1,8.7,6.9,6.4,220.0,218.2,6.3,3.7,2.0,32.0,31.4,0
14,mango14_bac_r_ver.jpg,back,1,8.7,6.9,6.4,220.0,218.2,6.3,3.7,2.0,32.0,31.4,0
14,mango14_bot_r.jpg,bottom,1,8.7,6.9,6.4,220.0,218.2,6.3,3.7,2.0,32.0,31.4,0
14,mango14_bot_r_hor.jpg,bottom,1,8.7,6.9,6.4,220.0,218.2,6.3,3.7,2.0,32.0,31.4,0
14,mango14_bot_r_ver.jpg,bottom,1,8.7,6.9,6.4,220.0,218.2,6.3,3.7,2.0,32.0,31.4,0
14,mango14_fro_r.jpg,front,1,8.7,6.9,6.4,220.0,218.2,6.3,3.7,2.0,32.0,31.4,0
14,mango14_fro_r_hor.jpg,front,1,8.7,6.9,6.4,220.0,218.2,6.3,3.7,2.0,32.0,31.4,0
14,mango14_fro_r_ver.jpg,front,1,8.7,6.9,6.4,220.0,218.2,6.3,3.7,2.0,32.0,31.4,0
14,mango14_sia_r.jpg,side,1,8.7,6.9,6.4,220.0,218.2,6.3,3.7,2.0,32.0,31.4,0
14,mango14_sia_r_ver.jpg,side,1,8.7,6.9,6.4,220.0,218.2,6.3,3.7,2.0,32.0,31.4,0
14,mango14_sib_r.jpg,side,1,8.7,6.9,6.4,220.0,218.2,6.3,3.7,2.0,32.0,31.4,0
14,mango14_sib_r_ver.jpg,side,1,8.7,6.9,6.4,220.0,218.2,6.3,3.7,2.0,32.0,31.4,0
14,mango14_top_r.jpg,top,1,8.7,6.9,6.4,220.0,218.2,6.3,3.7,2.0,32.0,31.4,0
14,mango14_top_r_hor.jpg,top,1,8.7,6.9,6.4,220.0,218.2,6.3,3.7,2.0,32.0,31.4,0
14,mango14_top_r_ver.jpg,top,1,8.7,6.9,6.4,220.0,218.2,6.3,3.7,2.0,32.0,31.4,0
15,mango15_bac_u.jpg,back,0,6.6,5.1,4.5,80.0,78.0,4.5,2.6,1.5,10.0,9.1,0
15,mango15_bac_u_hor.jpg,back,0,6.6,5.1,4.5,80.0,78.0,4.5,2.6,1.5,10.0,9.1,0
15,mango15_bac_u_ver.jpg,back,0,6.6,5.1,4.5,80.0,78.0,4.5,2.6,1.5,10.0,9.1,0
15,mango15_bot_u.jpg,bottom,0,6.6,5.1,4.5,80.0,78.0,4.5,2.6,1.5,10.0,9.1,0
15,mango15_bot_u_hor.jpg,bottom,0,6.6,5.1,4.5,80.0,78.0,4.5,2.6,1.5,10.0,9.1,0
15,mango15_bot_u_ver.jpg,bottom,0,6.6,5.1,4.5,80.0,78.0,4.5,2.6,1.5,10.0,9.1,0
15,mango15_fro_u.jpg,front,0,6.6,5.1,4.5,80.0,78.0,4.5,2.6,1.5,10.0,9.1,0
15,mango15_fro_u_hor.jpg,front,0,6.6,5.1,4.5,80.0,78.0,4.5,2.6,1.5,10.0,9.1,0
15,mango15_fro_u_ver.jpg,front,0,6.6,5.1,4.5,80.0,78.0,4.5,2.6,1.5,10.0,9.1,0
15,mango15_sia_u.jpg,side,0,6.6,5.1,4.5,80.0,78.0,4.5,2.6,1.5,10.0,9.1,0
15,mango15_sia_u_ver.jpg,side,0,6.6,5.1,4.5,80.0,78.0,4.5,2.6,1.5,10.0,9.1,0
15,mango15_sib_u.jpg,side,0,6.6,5.1,4.5,80.0,78.0,4.5,2.6,1.5,10.0,9.1,0
15,mango15_sib_u_ver.jpg,side,0,6.6,5.1,4.5,80.0,78.0,4.5,2.6,1.5,10.0,9.1,0
15,mango15_top_u.jpg,top,0,6.6,5.1,4.5,80.0,78.0,4.5,2.6,1.5,10.0,9.1,0
15,mango15_top_u_hor.jpg,top,0,6.6,5.1,4.5,80.0,78.0,4.5,2.6,1.5,10.0,9.1,0
15,mango15_top_u_ver.jpg,top,0,6.6,5.1,4.5,80.0,78.0,4.5,2.6,1.5,10.0,9.1,0
16,mango16_back_u.jpg,back,0,8.8,6.5,5.7,190.0,162.0,6.1,3.6,1.9,30.0,24.4,0
16,mango16_back_u_hor.jpg,back,0,8.8,6.5,5.7,190.0,162.0,6.1,3.6,1.9,30.0,24.4,0
16,mango16_back_u_ver.jpg,back,0,8.8,6.5,5.7,190.0,162.0,6.1,3.6,1.9,30.0,24.4,0
16,mango16_bot_u.jpg,bottom,0,8.8,6.5,5.7,190.0,162.0,6.1,3.6,1.9,30.0,24.4,0
16,mango16_bot_u_hor.jpg,bottom,0,8.8,6.5,5.7,190.0,162.0,6.1,3.6,1.9,30.0,24.4,0
16,mango16_bot_u_ver.jpg,bottom,0,8.8,6.5,5.7,190.0,162.0,6.1,3.6,1.9,30.0,24.4,0
16,mango16_fro_u.jpg,front,0,8.8,6.5,5.7,190.0,162.0,6.1,3.6,1.9,30.0,24.4,0
16,mango16_fro_u_hor.jpg,front,0,8.8,6.5,5.7,190.0,162.0,6.1,3.6,1.9,30.0,24.4,0
16,mango16_fro_u_ver.jpg,front,0,8.8,6.5,5.7,190.0,162.0,6.1,3.6,1.9,30.0,24.4,0
16,mango16_sia_u.jpg,side,0,8.8,6.5,5.7,190.0,162.0,6.1,3.6,1.9,30.0,24.4,0
16,mango16_sia_u_ver.jpg,side,0,8.8,6.5,5.7,190.0,162.0,6.1,3.6,1.9,30.0,24.4,0
16,mango16_sib_u.jpg,side,0,8.8,6.5,5.7,190.0,162.0,6.1,3.6,1.9,30.0,24.4,0
16,mango16_sib_u_ver.jpg,side,0,8.8,6.5,5.7,190.0,162.0,6.1,3.6,1.9,30.0,24.4,0
16,mango16_top_u.jpg,top,0,8.8,6.5,5.7,190.0,162.0,6.1,3.6,1.9,30.0,24.4,0
16,mango16_top_u_hor.jpg,top,0,8.8,6.5,5.7,190.0,162.0,6.1,3.6,1.9,30.0,24.4,0
16,mango16_top_u_ver.jpg,top,0,8.8,6.5,5.7,190.0,162.0,6.1,3.6,1.9,30.0,24.4,0
17,mango17_bac_u.jpg,back,0,5.0,3.9,3.6,50.0,36.0,3.1,2.1,1.0,5.0,3.8,0
17,mango17_bac_u_hor.jpg,back,0,5.0,3.9,3.6,50.0,36.0,3.1,2.1,1.0,5.0,3.8,0
17,mango17_bac_u_ver.jpg,back,0,5.0,3.9,3.6,50.0,36.0,3.1,2.1,1.0,5.0,3.8,0
17,mango17_bot_u.jpg,bottom,0,5.0,3.9,3.6,50.0,36.0,3.1,2.1,1.0,5.0,3.8,0
17,mango17_bot_u_hor.jpg,bottom,0,5.0,3.9,3.6,50.0,36.0,3.1,2.1,1.0,5.0,3.8,0
17,mango17_bot_u_ver.jpg,bottom,0,5.0,3.9,3.6,50.0,36.0,3.1,2.1,1.0,5.0,3.8,0
17,mango17_fro_u.jpg,front,0,5.0,3.9,3.6,50.0,36.0,3.1,2.1,1.0,5.0,3.8,0
17,mango17_fro_u_hor.jpg,front,0,5.0,3.9,3.6,50.0,36.0,3.1,2.1,1.0,5.0,3.8,0
17,mango17_fro_u_ver.jpg,front,0,5.0,3.9,3.6,50.0,36.0,3.1,2.1,1.0,5.0,3.8,0
17,mango17_sia_u.jpg,side,0,5.0,3.9,3.6,50.0,36.0,3.1,2.1,1.0,5.0,3.8,0
17,mango17_sia_u_ver.jpg,side,0,5.0,3.9,3.6,50.0,36.0,3.1,2.1,1.0,5.0,3.8,0
17,mango17_sib_u.jpg,side,0,5.0,3.9,3.6,50.0,36.0,3.1,2.1,1.0,5.0,3.8,0
17,mango17_sib_u_ver.jpg,side,0,5.0,3.9,3.6,50.0,36.0,3.1,2.1,1.0,5.0,3.8,0
17,mango17_top_u.jpg,top,0,5.0,3.9,3.6,50.0,36.0,3.1,2.1,1.0,5.0,3.8,0
17,mango17_top_u_hor.jpg,top,0,5.0,3.9,3.6,50.0,36.0,3.1,2.1,1.0,5.0,3.8,0
17,mango17_top_u_ver.jpg,top,0,5.0,3.9,3.6,50.0,36.0,3.1,2.1,1.0,5.0,3.8,0
18,mango18_bac_u.jpg,back,0,7.7,6.3,5.4,150.0,134.2,5.8,3.8,2.0,35.0,25.0,0
18,mango18_bac_u_hor.jpg,back,0,7.7,6.3,5.4,150.0,134.2,5.8,3.8,2.0,35.0,25.0,0
18,mango18_bac_u_ver.jpg,back,0,7.7,6.3,5.4,150.0,134.2,5.8,3.8,2.0,35.0,25.0,0
18,mango18_bot_u.jpg,bottom,0,7.7,6.3,5.4,150.0,134.2,5.8,3.8,2.0,35.0,25.0,0
18,mango18_bot_u_hor.jpg,bottom,0,7.7,6.3,5.4,150.0,134.2,5.8,3.8,2.0,35.0,25.0,0
18,mango18_bot_u_ver.jpg,bottom,0,7.7,6.3,5.4,150.0,134.2,5.8,3.8,2.0,35.0,25.0,0
18,mango18_fro_u.jpg,front,0,7.7,6.3,5.4,150.0,134.2,5.8,3.8,2.0,35.0,25.0,0
18,mango18_fro_u_hor.jpg,front,0,7.7,6.3,5.4,150.0,134.2,5.8,3.8,2.0,35.0,25.0,0
18,mango18_fro_u_ver.jpg,front,0,7.7,6.3,5.4,150.0,134.2,5.8,3.8,2.0,35.0,25.0,0
18,mango18_sia_u.jpg,side,0,7.7,6.3,5.4,150.0,134.2,5.8,3.8,2.0,35.0,25.0,0
18,mango18_sia_u_ver.jpg,side,0,7.7,6.3,5.4,150.0,134.2,5.8,3.8,2.0,35.0,25.0,0
18,mango18_sib_u.jpg,side,0,7.7,6.3,5.4,150.0,134.2,5.8,3.8,2.0,35.0,25.0,0
18,mango18_sib_u_ver.jpg,side,0,7.7,6.3,5.4,150.0,134.2,5.8,3.8,2.0,35.0,25.0,0
18,mango18_top_u.jpg,top,0,7.7,6.3,5.4,150.0,134.2,5.8,3.8,2.0,35.0,25.0,0
18,mango18_top_u_hor.jpg,top,0,7.7,6.3,5.4,150.0,134.2,5.8,3.8,2.0,35.0,25.0,0
18,mango18_top_u_ver.jpg,top,0,7.7,6.3,5.4,150.0,134.2,5.8,3.8,2.0,35.0,25.0,0
19,mango19_bac_u.jpg,back,0,7.6,6.2,5.1,140.0,126.4,5.5,3.6,1.9,35.0,23.2,0
19,mango19_bac_u_hor.jpg,back,0,7.6,6.2,5.1,140.0,126.4,5.5,3.6,1.9,35.0,23.2,0
19,mango19_bac_u_ver.jpg,back,0,7.6,6.2,5.1,140.0,126.4,5.5,3.6,1.9,35.0,23.2,0
19,mango19_bot_u.jpg,bottom,0,7.6,6.2,5.1,140.0,126.4,5.5,3.6,1.9,35.0,23.2,0
19,mango19_bot_u_hor.jpg,bottom,0,7.6,6.2,5.1,140.0,126.4,5.5,3.6,1.9,35.0,23.2,0
19,mango19_bot_u_ver.jpg,bottom,0,7.6,6.2,5.1,140.0,126.4,5.5,3.6,1.9,35.0,23.2,0
19,mango19_fro_u.jpg,front,0,7.6,6.2,5.1,140.0,126.4,5.5,3.6,1.9,35.0,23.2,0
19,mango19_fro_u_hor.jpg,front,0,7.6,6.2,5.1,140.0,126.4,5.5,3.6,1.9,35.0,23.2,0
19,mango19_fro_u_ver.jpg,front,0,7.6,6.2,5.1,140.0,126.4,5.5,3.6,1.9,35.0,23.2,0
19,mango19_sia_u.jpg,side,0,7.6,6.2,5.1,140.0,126.4,5.5,3.6,1.9,35.0,23.2,0
19,mango19_sia_u_ver.jpg,side,0,7.6,6.2,5.1,140.0,126.4,5.5,3.6,1.9,35.0,23.2,0
19,mango19_sib_u.jpg,side,0,7.6,6.2,5.1,140.0,126.4,5.5,3.6,1.9,35.0,23.2,0
19,mango19_sib_u_ver.jpg,side,0,7.6,6.2,5.1,140.0,126.4,5.5,3.6,1.9,35.0,23.2,0
19,mango19_top_u.jpg,top,0,7.6,6.2,5.1,140.0,126.4,5.5,3.6,1.9,35.0,23.2,0
19,mango19_top_u_hor.jpg,top,0,7.6,6.2,5.1,140.0,126.4,5.5,3.6,1.9,35.0,23.2,0
19,mango19_top_u_ver.jpg,top,0,7.6,6.2,5.1,140.0,126.4,5.5,3.6,1.9,35.0,23.2,0
20,mango20_bac_r.jpg,back,1,7.1,6.6,4.9,115.0,103.2,5.5,3.6,1.9,25.0,20.3,0
20,mango20_bac_r_hor.jpg,back,1,7.1,6.6,4.9,115.0,103.2,5.5,3.6,1.9,25.0,20.3,0
20,mango20_bac_r_ver.jpg,back,1,7.1,6.6,4.9,115.0,103.2,5.5,3.6,1.9,25.0,20.3,0
20,mango20_bot_r.jpg,bottom,1,7.1,6.6,4.9,115.0,103.2,5.5,3.6,1.9,25.0,20.3,0
20,mango20_bot_r_hor.jpg,bottom,1,7.1,6.6,4.9,115.0,103.2,5.5,3.6,1.9,25.0,20.3,0
20,mango20_bot_r_ver.jpg,bottom,1,7.1,6.6,4.9,115.0,103.2,5.5,3.6,1.9,25.0,20.3,0
20,mango20_fro_r.jpg,front,1,7.1,6.6,4.9,115.0,103.2,5.5,3.6,1.9,25.0,20.3,0
20,mango20_fro_r_hor.jpg,front,1,7.1,6.6,4.9,115.0,103.2,5.5,3.6,1.9,25.0,20.3,0
20,mango20_fro_r_ver.jpg,front,1,7.1,6.6,4.9,115.0,103.2,5.5,3.6,1.9,25.0,20.3,0
20,mango20_sia_r.jpg,side,1,7.1,6.6,4.9,115.0,103.2,5.5,3.6,1.9,25.0,20.3,0
20,mango20_sia_r_ver.jpg,side,1,7.1,6.6,4.9,115.0,103.2,5.5,3.6,1.9,25.0,20.3,0
20,mango20_sib_r.jpg,side,1,7.1,6.6,4.9,115.0,103.2,5.5,3.6,1.9,25.0,20.3,0
20,mango20_sib_r_ver.jpg,side,1,7.1,6.6,4.9,115.0,103.2,5.5,3.6,1.9,25.0,20.3,0
20,mango20_top_r.jpg,top,1,7.1,6.6,4.9,115.0,103.2,5.5,3.6,1.9,25.0,20.3,0
20,mango20_top_r_hor.jpg,top,1,7.1,6.6,4.9,115.0,103.2,5.5,3.6,1.9,25.0,20.3,0
20,mango20_top_r_ver.jpg,top,1,7.1,6.6,4.9,115.0,103.2,5.5,3.6,1.9,25.0,20.3,0
21,mango21_bac_u.jpg,back,0,7.5,6.0,5.1,130.0,117.7,5.6,3.5,1.9,25.0,20.6,0
21,mango21_bac_u_hor.jpg,back,0,7.5,6.0,5.1,130.0,117.7,5.6,3.5,1.9,25.0,20.6,0
21,mango21_bac_u_ver.jpg,back,0,7.5,6.0,5.1,130.0,117.7,5.6,3.5,1.9,25.0,20.6,0
21,mango21_bot_u.jpg,bottom,0,7.5,6.0,5.1,130.0,117.7,5.6,3.5,1.9,25.0,20.6,0
21,mango21_bot_u_hor.jpg,bottom,0,7.5,6.0,5.1,130.0,117.7,5.6,3.5,1.9,25.0,20.6,0
21,mango21_bot_u_ver.jpg,bottom,0,7.5,6.0,5.1,130.0,117.7,5.6,3.5,1.9,25.0,20.6,0
21,mango21_fro_u.jpg,front,0,7.5,6.0,5.1,130.0,117.7,5.6,3.5,1.9,25.0,20.6,0
21,mango21_fro_u_hor.jpg,front,0,7.5,6.0,5.1,130.0,117.7,5.6,3.5,1.9,25.0,20.6,0
21,mango21_fro_u_ver.jpg,front,0,7.5,6.0,5.1,130.0,117.7,5.6,3.5,1.9,25.0,20.6,0
21,mango21_sia_u.jpg,side,0,7.5,6.0,5.1,130.0,117.7,5.6,3.5,1.9,25.0,20.6,0
21,mango21_sia_u_ver.jpg,side,0,7.5,6.0,5.1,130.0,117.7,5.6,3.5,1.9,25.0,20.6,0
21,mango21_sib_u.jpg,side,0,7.5,6.0,5.1,130.0,117.7,5.6,3.5,1.9,25.0,20.6,0
21,mango21_sib_u_ver.jpg,side,0,7.5,6.0,5.1,130.0,117.7,5.6,3.5,1.9,25.0,20.6,0
21,mango21_top_u.jpg,top,0,7.5,6.0,5.1,130.0,117.7,5.6,3.5,1.9,25.0,20.6,0
21,mango21_top_u_hor.jpg,top,0,7.5,6.0,5.1,130.0,117.7,5.6,3.5,1.9,25.0,20.6,0
21,mango21_top_u_ver.jpg,top,0,7.5,6.0,5.1,130.0,117.7,5.6,3.5,1.9,25.0,20.6,0
22,mango22_bac_u.jpg,back,0,7.6,6.4,5.3,130.0,119.0,5.3,3.8,2.1,25.0,22.2,0
22,mango22_bac_u_hor.jpg,back,0,7.6,6.4,5.3,130.0,119.0,5.3,3.8,2.1,25.0,22.2,0
22,mango22_bac_u_ver.jpg,back,0,7.6,6.4,5.3,130.0,119.0,5.3,3.8,2.1,25.0,22.2,0
22,mango22_bot_u.jpg,bottom,0,7.6,6.4,5.3,130.0,119.0,5.3,3.8,2.1,25.0,22.2,0
22,mango22_bot_u_hor.jpg,bottom,0,7.6,6.4,5.3,130.0,119.0,5.3,3.8,2.1,25.0,22.2,0
22,mango22_bot_u_ver.jpg,bottom,0,7.6,6.4,5.3,130.0,119.0,5.3,3.8,2.1,25.0,22.2,0
22,mango22_fro_u.jpg,front,0,7.6,6.4,5.3,130.0,119.0,5.3,3.8,2.1,25.0,22.2,0
22,mango22_fro_u_hor.jpg,front,0,7.6,6.4,5.3,130.0,119.0,5.3,3.8,2.1,25.0,22.2,0
22,mango22_fro_u_ver.jpg,front,0,7.6,6.4,5.3,130.0,119.0,5.3,3.8,2.1,25.0,22.2,0
22,mango22_sia_u.jpg,side,0,7.6,6.4,5.3,130.0,119.0,5.3,3.8,2.1,25.0,22.2,0
22,mango22_sia_u_ver.jpg,side,0,7.6,6.4,5.3,130.0,119.0,5.3,3.8,2.1,25.0,22.2,0
22,mango22_sib_u.jpg,side,0,7.6,6.4,5.3,130.0,119.0,5.3,3.8,2.1,25.0,22.2,0
22,mango22_sib_u_ver.jpg,side,0,7.6,6.4,5.3,130.0,119.0,5.3,3.8,2.1,25.0,22.2,0
22,mango22_top_u.jpg,top,0,7.6,6.4,5.3,130.0,119.0,5.3,3.8,2.1,25.0,22.2,0
22,mango22_top_u_hor.jpg,top,0,7.6,6.4,5.3,130.0,119.0,5.3,3.8,2.1,25.0,22.2,0
22,mango22_top_u_ver.jpg,top,0,7.6,6.4,5.3,130.0,119.0,5.3,3.8,2.1,25.0,22.2,0
23,mango23_bac_u.jpg,back,0,7.5,5.8,4.9,110.0,106.3,4.8,3.1,1.8,10.0,12.0,0
23,mango23_bac_u_hor.jpg,back,0,7.5,5.8,4.9,110.0,106.3,4.8,3.1,1.8,10.0,12.0,0
23,mango23_bac_u_ver.jpg,back,0,7.5,5.8,4.9,110.0,106.3,4.8,3.1,1.8,10.0,12.0,0
23,mango23_bot_u.jpg,bottom,0,7.5,5.8,4.9,110.0,106.3,4.8,3.1,1.8,10.0,12.0,0
23,mango23_bot_u_hor.jpg,bottom,0,7.5,5.8,4.9,110.0,106.3,4.8,3.1,1.8,10.0,12.0,0
23,mango23_bot_u_ver.jpg,bottom,0,7.5,5.8,4.9,110.0,106.3,4.8,3.1,1.8,10.0,12.0,0
23,mango23_fro_u.jpg,front,0,7.5,5.8,4.9,110.0,106.3,4.8,3.1,1.8,10.0,12.0,0
23,mango23_fro_u_hor.jpg,front,0,7.5,5.8,4.9,110.0,106.3,4.8,3.1,1.8,10.0,12.0,0
23,mango23_fro_u_ver.jpg,front,0,7.5,5.8,4.9,110.0,106.3,4.8,3.1,1.8,10.0,12.0,0
23,mango23_sia_u.jpg,side,0,7.5,5.8,4.9,110.0,106.3,4.8,3.1,1.8,10.0,12.0,0
23,mango23_sia_u_ver.jpg,side,0,7.5,5.8,4.9,110.0,106.3,4.8,3.1,1.8,10.0,12.0,0
23,mango23_sib_u.jpg,side,0,7.5,5.8,4.9,110.0,106.3,4.8,3.1,1.8,10.0,12.0,0
23,mango23_sib_u_ver.jpg,side,0,7.5,5.8,4.9,110.0,106.3,4.8,3.1,1.8,10.0,12.0,0
23,mango23_top_u.jpg,top,0,7.5,5.8,4.9,110.0,106.3,4.8,3.1,1.8,10.0,12.0,0
23,mango23_top_u_hor.jpg,top,0,7.5,5.8,4.9,110.0,106.3,4.8,3.1,1.8,10.0,12.0,0
23,mango23_top_u_ver.jpg,top,0,7.5,5.8,4.9,110.0,106.3,4.8,3.1,1.8,10.0,12.0,0
24,mango24_bac_r.jpg,back,1,8.0,6.5,5.9,180.0,185.0,5.9,3.6,2.0,20.0,22.7,0
24,mango24_bac_r_hor.jpg,back,1,8.0,6.5,5.9,180.0,185.0,5.9,3.6,2.0,20.0,22.7,0
24,mango24_bac_r_ver.jpg,back,1,8.0,6.5,5.9,180.0,185.0,5.9,3.6,2.0,20.0,22.7,0
24,mango24_bot_r.jpg,bottom,1,8.0,6.5,5.9,180.0,185.0,5.9,3.6,2.0,20.0,22.7,0
24,mango24_bot_r_hor.jpg,bottom,1,8.0,6.5,5.9,180.0,185.0,5.9,3.6,2.0,20.0,22.7,0
24,mango24_bot_r_ver.jpg,bottom,1,8.0,6.5,5.9,180.0,185.0,5.9,3.6,2.0,20.0,22.7,0
24,mango24_fro_r.jpg,front,1,8.0,6.5,5.9,180.0,185.0,5.9,3.6,2.0,20.0,22.7,0
24,mango24_fro_r_hor.jpg,front,1,8.0,6.5,5.9,180.0,185.0,5.9,3.6,2.0,20.0,22.7,0
24,mango24_fro_r_ver.jpg,front,1,8.0,6.5,5.9,180.0,185.0,5.9,3.6,2.0,20.0,22.7,0
24,mango24_sia_r.jpg,side,1,8.0,6.5,5.9,180.0,185.0,5.9,3.6,2.0,20.0,22.7,0
24,mango24_sia_r_ver.jpg,side,1,8.0,6.5,5.9,180.0,185.0,5.9,3.6,2.0,20.0,22.7,0
24,mango24_sib_r.jpg,side,1,8.0,6.5,5.9,180.0,185.0,5.9,3.6,2.0,20.0,22.7,0
24,mango24_sib_r_ver.jpg,side,1,8.0,6.5,5.9,180.0,185.0,5.9,3.6,2.0,20.0,22.7,0
24,mango24_top_r.jpg,top,1,8.0,6.5,5.9,180.0,185.0,5.9,3.6,2.0,20.0,22.7,0
24,mango24_top_r_hor.jpg,top,1,8.0,6.5,5.9,180.0,185.0,5.9,3.6,2.0,20.0,22.7,0
24,mango24_top_r_ver.jpg,top,1,8.0,6.5,5.9,180.0,185.0,5.9,3.6,2.0,20.0,22.7,0
25,mango25_bac_u.jpg,back,0,6.6,5.4,4.4,80.0,78.9,4.4,2.8,1.3,10.0,8.1,0
25,mango25_bac_u_hor.jpg,back,0,6.6,5.4,4.4,80.0,78.9,4.4,2.8,1.3,10.0,8.1,0
25,mango25_bac_u_ver.jpg,back,0,6.6,5.4,4.4,80.0,78.9,4.4,2.8,1.3,10.0,8.1,0
25,mango25_bot_u.jpg,bottom,0,6.6,5.4,4.4,80.0,78.9,4.4,2.8,1.3,10.0,8.1,0
25,mango25_bot_u_hor.jpg,bottom,0,6.6,5.4,4.4,80.0,78.9,4.4,2.8,1.3,10.0,8.1,0
25,mango25_bot_u_ver.jpg,bottom,0,6.6,5.4,4.4,80.0,78.9,4.4,2.8,1.3,10.0,8.1,0
25,mango25_fro_u.jpg,front,0,6.6,5.4,4.4,80.0,78.9,4.4,2.8,1.3,10.0,8.1,0
25,mango25_fro_u_hor.jpg,front,0,6.6,5.4,4.4,80.0,78.9,4.4,2.8,1.3,10.0,8.1,0
25,mango25_fro_u_ver.jpg,front,0,6.6,5.4,4.4,80.0,78.9,4.4,2.8,1.3,10.0,8.1,0
25,mango25_sia_u.jpg,side,0,6.6,5.4,4.4,80.0,78.9,4.4,2.8,1.3,10.0,8.1,0
25,mango25_sia_u_ver.jpg,side,0,6.6,5.4,4.4,80.0,78.9,4.4,2.8,1.3,10.0,8.1,0
25,mango25_sib_u.jpg,side,0,6.6,5.4,4.4,80.0,78.9,4.4,2.8,1.3,10.0,8.1,0
25,mango25_sib_u_ver.jpg,side,0,6.6,5.4,4.4,80.0,78.9,4.4,2.8,1.3,10.0,8.1,0
25,mango25_top_u.jpg,top,0,6.6,5.4,4.4,80.0,78.9,4.4,2.8,1.3,10.0,8.1,0
25,mango25_top_u_hor.jpg,top,0,6.6,5.4,4.4,80.0,78.9,4.4,2.8,1.3,10.0,8.1,0
25,mango25_top_u_ver.jpg,top,0,6.6,5.4,4.4,80.0,78.9,4.4,2.8,1.3,10.0,8.1,0
26,mango26_bac_r.jpg,back,1,8.8,7.5,6.6,225.0,217.7,6.3,4.1,2.3,30.0,34.0,0
26,mango26_bac_r_hor.jpg,back,1,8.8,7.5,6.6,225.0,217.7,6.3,4.1,2.3,30.0,34.0,0
26,mango26_bac_r_ver.jpg,back,1,8.8,7.5,6.6,225.0,217.7,6.3,4.1,2.3,30.0,34.0,0
26,mango26_bot_r.jpg,bottom,1,8.8,7.5,6.6,225.0,217.7,6.3,4.1,2.3,30.0,34.0,0
26,mango26_bot_r_hor.jpg,bottom,1,8.8,7.5,6.6,225.0,217.7,6.3,4.1,2.3,30.0,34.0,0
26,mango26_bot_r_ver.jpg,bottom,1,8.8,7.5,6.6,225.0,217.7,6.3,4.1,2.3,30.0,34.0,0
26,mango26_fro_r.jpg,front,1,8.8,7.5,6.6,225.0,217.7,6.3,4.1,2.3,30.0,34.0,0
26,mango26_fro_r_hor.jpg,front,1,8.8,7.5,6.6,225.0,217.7,6.3,4.1,2.3,30.0,34.0,0
26,mango26_fro_r_ver.jpg,front,1,8.8,7.5,6.6,225.0,217.7,6.3,4.1,2.3,30.0,34.0,0
26,mango26_sia_r.jpg,side,1,8.8,7.5,6.6,225.0,217.7,6.3,4.1,2.3,30.0,34.0,0
26,mango26_sia_r_ver.jpg,side,1,8.8,7.5,6.6,225.0,217.7,6.3,4.1,2.3,30.0,34.0,0
26,mango26_sib_r.jpg,side,1,8.8,7.5,6.6,225.0,217.7,6.3,4.1,2.3,30.0,34.0,0
26,mango26_sib_r_ver.jpg,side,1,8.8,7.5,6.6,225.0,217.7,6.3,4.1,2.3,30.0,34.0,0
26,mango26_top_r.jpg,top,1,8.8,7.5,6.6,225.0,217.7,6.3,4.1,2.3,30.0,34.0,0
26,mango26_top_r_hor.jpg,top,1,8.8,7.5,6.6,225.0,217.7,6.3,4.1,2.3,30.0,34.0,0
26,mango26_top_r_ver.jpg,top,1,8.8,7.5,6.6,225.0,217.7,6.3,4.1,2.3,30.0,34.0,0
27,mango27_bac_u.jpg,back,0,7.6,6.6,5.5,130.0,131.2,5.6,3.5,1.8,20.0,21.3,0
27,mango27_bac_u_hor.jpg,back,0,7.6,6.6,5.5,130.0,131.2,5.6,3.5,1.8,20.0,21.3,0
27,mango27_bac_u_ver.jpg,back,0,7.6,6.6,5.5,130.0,131.2,5.6,3.5,1.8,20.0,21.3,0
27,mango27_bot_u.jpg,bottom,0,7.6,6.6,5.5,130.0,131.2,5.6,3.5,1.8,20.0,21.3,0
27,mango27_bot_u_hor.jpg,bottom,0,7.6,6.6,5.5,130.0,131.2,5.6,3.5,1.8,20.0,21.3,0
27,mango27_bot_u_ver.jpg,bottom,0,7.6,6.6,5.5,130.0,131.2,5.6,3.5,1.8,20.0,21.3,0
27,mango27_fro_u.jpg,front,0,7.6,6.6,5.5,130.0,131.2,5.6,3.5,1.8,20.0,21.3,0
27,mango27_fro_u_hor.jpg,front,0,7.6,6.6,5.5,130.0,131.2,5.6,3.5,1.8,20.0,21.3,0
27,mango27_fro_u_ver.jpg,front,0,7.6,6.6,5.5,130.0,131.2,5.6,3.5,1.8,20.0,21.3,0
27,mango27_sia_u.jpg,side,0,7.6,6.6,5.5,130.0,131.2,5.6,3.5,1.8,20.0,21.3,0
27,mango27_sia_u_ver.jpg,side,0,7.6,6.6,5.5,130.0,131.2,5.6,3.5,1.8,20.0,21.3,0
27,mango27_sib_u.jpg,side,0,7.6,6.6,5.5,130.0,131.2,5.6,3.5,1.8,20.0,21.3,0
27,mango27_sib_u_ver.jpg,side,0,7.6,6.6,5.5,130.0,131.2,5.6,3.5,1.8,20.0,21.3,0
27,mango27_top_u.jpg,top,0,7.6,6.6,5.5,130.0,131.2,5.6,3.5,1.8,20.0,21.3,0
27,mango27_top_u_hor.jpg,top,0,7.6,6.6,5.5,130.0,131.2,5.6,3.5,1.8,20.0,21.3,0
27,mango27_top_u_ver.jpg,top,0,7.6,6.6,5.5,130.0,131.2,5.6,3.5,1.8,20.0,21.3,0
28,mango28_bac_r.jpg,back,1,8.7,7.1,6.3,200.0,217.9,6.3,3.9,1.9,25.0,30.7,0
28,mango28_bac_r_hor.jpg,back,1,8.7,7.1,6.3,200.0,217.9,6.3,3.9,1.9,25.0,30.7,0
28,mango28_bac_r_ver.jpg,back,1,8.7,7.1,6.3,200.0,217.9,6.3,3.9,1.9,25.0,30.7,0
28,mango28_bot_r.jpg,bottom,1,8.7,7.1,6.3,200.0,217.9,6.3,3.9,1.9,25.0,30.7,0
28,mango28_bot_r_hor.jpg,bottom,1,8.7,7.1,6.3,200.0,217.9,6.3,3.9,1.9,25.0,30.7,0
28,mango28_bot_r_ver.jpg,bottom,1,8.7,7.1,6.3,200.0,217.9,6.3,3.9,1.9,25.0,30.7,0
28,mango28_fro_r.jpg,front,1,8.7,7.1,6.3,200.0,217.9,6.3,3.9,1.9,25.0,30.7,0
28,mango28_fro_r_hor.jpg,front,1,8.7,7.1,6.3,200.0,217.9,6.3,3.9,1.9,25.0,30.7,0
28,mango28_fro_r_ver.jpg,front,1,8.7,7.1,6.3,200.0,217.9,6.3,3.9,1.9,25.0,30.7,0
28,mango28_sia_r.jpg,side,1,8.7,7.1,6.3,200.0,217.9,6.3,3.9,1.9,25.0,30.7,0
28,mango28_sia_r_ver.jpg,side,1,8.7,7.1,6.3,200.0,217.9,6.3,3.9,1.9,25.0,30.7,0
28,mango28_sib_r.jpg,side,1,8.7,7.1,6.3,200.0,217.9,6.3,3.9,1.9,25.0,30.7,0
28,mango28_sib_r_ver.jpg,side,1,8.7,7.1,6.3,200.0,217.9,6.3,3.9,1.9,25.0,30.7,0
28,mango28_top_r.jpg,top,1,8.7,7.1,6.3,200.0,217.9,6.3,3.9,1.9,25.0,30.7,0
28,mango28_top_r_hor.jpg,top,1,8.7,7.1,6.3,200.0,217.9,6.3,3.9,1.9,25.0,30.7,0
28,mango28_top_r_ver.jpg,top,1,8.7,7.1,6.3,200.0,217.9,6.3,3.9,1.9,25.0,30.7,0
29,mango29_bac_u.jpg,back,0,8.1,6.5,5.7,150.0,146.9,5.8,3.7,1.8,20.0,21.4,0
29,mango29_bac_u_hor.jpg,back,0,8.1,6.5,5.7,150.0,146.9,5.8,3.7,1.8,20.0,21.4,0
29,mango29_bac_u_ver.jpg,back,0,8.1,6.5,5.7,150.0,146.9,5.8,3.7,1.8,20.0,21.4,0
29,mango29_bot_u.jpg,bottom,0,8.1,6.5,5.7,150.0,146.9,5.8,3.7,1.8,20.0,21.4,0
29,mango29_bot_u_hor.jpg,bottom,0,8.1,6.5,5.7,150.0,146.9,5.8,3.7,1.8,20.0,21.4,0
29,mango29_bot_u_ver.jpg,bottom,0,8.1,6.5,5.7,150.0,146.9,5.8,3.7,1.8,20.0,21.4,0
29,mango29_fro_u.jpg,front,0,8.1,6.5,5.7,150.0,146.9,5.8,3.7,1.8,20.0,21.4,0
29,mango29_fro_u_hor.jpg,front,0,8.1,6.5,5.7,150.0,146.9,5.8,3.7,1.8,20.0,21.4,0
29,mango29_fro_u_ver.jpg,front,0,8.1,6.5,5.7,150.0,146.9,5.8,3.7,1.8,20.0,21.4,0
29,mango29_sia_u.jpg,side,0,8.1,6.5,5.7,150.0,146.9,5.8,3.7,1.8,20.0,21.4,0
29,mango29_sia_u_ver.jpg,side,0,8.1,6.5,5.7,150.0,146.9,5.8,3.7,1.8,20.0,21.4,0
29,mango29_sib_u.jpg,side,0,8.1,6.5,5.7,150.0,146.9,5.8,3.7,1.8,20.0,21.4,0
29,mango29_sib_u_ver.jpg,side,0,8.1,6.5,5.7,150.0,146.9,5.8,3.7,1.8,20.0,21.4,0
29,mango29_top_u.jpg,top,0,8.1,6.5,5.7,150.0,146.9,5.8,3.7,1.8,20.0,21.4,0
29,mango29_top_u_hor.jpg,top,0,8.1,6.5,5.7,150.0,146.9,5.8,3.7,1.8,20.0,21.4,0
29,mango29_top_u_ver.jpg,top,0,8.1,6.5,5.7,150.0,146.9,5.8,3.7,1.8,20.0,21.4,0
30,mango30_bac_r.jpg,back,1,8.7,6.9,6.4,200.0,210.2,6.1,3.8,2.0,30.0,30.0,0
30,mango30_bac_r_hor.jpg,back,1,8.7,6.9,6.4,200.0,210.2,6.1,3.8,2.0,30.0,30.0,0
30,mango30_bac_r_ver.jpg,back,1,8.7,6.9,6.4,200.0,210.2,6.1,3.8,2.0,30.0,30.0,0
30,mango30_bot_r.jpg,bottom,1,8.7,6.9,6.4,200.0,210.2,6.1,3.8,2.0,30.0,30.0,0
30,mango30_bot_r_hor.jpg,bottom,1,8.7,6.9,6.4,200.0,210.2,6.1,3.8,2.0,30.0,30.0,0
30,mango30_bot_r_ver.jpg,bottom,1,8.7,6.9,6.4,200.0,210.2,6.1,3.8,2.0,30.0,30.0,0
30,mango30_fro_r.jpg,front,1,8.7,6.9,6.4,200.0,210.2,6.1,3.8,2.0,30.0,30.0,0
30,mango30_fro_r_hor.jpg,front,1,8.7,6.9,6.4,200.0,210.2,6.1,3.8,2.0,30.0,30.0,0
30,mango30_fro_r_ver.jpg,front,1,8.7,6.9,6.4,200.0,210.2,6.1,3.8,2.0,30.0,30.0,0
30,mango30_sia_r.jpg,side,1,8.7,6.9,6.4,200.0,210.2,6.1,3.8,2.0,30.0,30.0,0
30,mango30_sia_r_ver.jpg,side,1,8.7,6.9,6.4,200.0,210.2,6.1,3.8,2.0,30.0,30.0,0
30,mango30_sib_r.jpg,side,1,8.7,6.9,6.4,200.0,210.2,6.1,3.8,2.0,30.0,30.0,0
30,mango30_sib_r_ver.jpg,side,1,8.7,6.9,6.4,200.0,210.2,6.1,3.8,2.0,30.0,30.0,0
30,mango30_top_r.jpg,top,1,8.7,6.9,6.4,200.0,210.2,6.1,3.8,2.0,30.0,30.0,0
30,mango30_top_r_hor.jpg,top,1,8.7,6.9,6.4,200.0,210.2,6.1,3.8,2.0,30.0,30.0,0
30,mango30_top_r_ver.jpg,top,1,8.7,6.9,6.4,200.0,210.2,6.1,3.8,2.0,30.0,30.0,0
31,mango31_bac_u.jpg,back,0,8.1,6.4,5.4,127.0,134.0,5.8,3.7,1.6,25.0,21.0,0
31,mango31_bac_u_hor.jpg,back,0,8.1,6.4,5.4,127.0,134.0,5.8,3.7,1.6,25.0,21.0,0
31,mango31_bac_u_ver.jpg,back,0,8.1,6.4,5.4,127.0,134.0,5.8,3.7,1.6,25.0,21.0,0
31,mango31_bot_u.jpg,bottom,0,8.1,6.4,5.4,127.0,134.0,5.8,3.7,1.6,25.0,21.0,0
31,mango31_bot_u_hor.jpg,bottom,0,8.1,6.4,5.4,127.0,134.0,5.8,3.7,1.6,25.0,21.0,0
31,mango31_bot_u_ver.jpg,bottom,0,8.1,6.4,5.4,127.0,134.0,5.8,3.7,1.6,25.0,21.0,0
31,mango31_fro_u.jpg,front,0,8.1,6.4,5.4,127.0,134.0,5.8,3.7,1.6,25.0,21.0,0
31,mango31_fro_u_hor.jpg,front,0,8.1,6.4,5.4,127.0,134.0,5.8,3.7,1.6,25.0,21.0,0
31,mango31_fro_u_ver.jpg,front,0,8.1,6.4,5.4,127.0,134.0,5.8,3.7,1.6,25.0,21.0,0
31,mango31_sia_u.jpg,side,0,8.1,6.4,5.4,127.0,134.0,5.8,3.7,1.6,25.0,21.0,0
31,mango31_sia_u_ver.jpg,side,0,8.1,6.4,5.4,127.0,134.0,5.8,3.7,1.6,25.0,21.0,0
31,mango31_sib_u.jpg,side,0,8.1,6.4,5.4,127.0,134.0,5.8,3.7,1.6,25.0,21.0,0
31,mango31_sib_u_ver.jpg,side,0,8.1,6.4,5.4,127.0,134.0,5.8,3.7,1.6,25.0,21.0,0
31,mango31_top_u.jpg,top,0,8.1,6.4,5.4,127.0,134.0,5.8,3.7,1.6,25.0,21.0,0
31,mango31_top_u_hor.jpg,top,0,8.1,6.4,5.4,127.0,134.0,5.8,3.7,1.6,25.0,21.0,0
31,mango31_top_u_ver.jpg,top,0,8.1,6.4,5.4,127.0,134.0,5.8,3.7,1.6,25.0,21.0,0
32,mango32_bot_u.jpg,bottom,0,8.8,6.6,5.9,180.0,167.8,6.2,3.8,2.0,25.0,27.7,0
32,mango32_bot_u_hor.jpg,bottom,0,8.8,6.6,5.9,180.0,167.8,6.2,3.8,2.0,25.0,27.7,0
32,mango32_bot_u_ver.jpg,bottom,0,8.8,6.6,5.9,180.0,167.8,6.2,3.8,2.0,25.0,27.7,0
32,mango32_bott_u.jpg,bottom,0,8.8,6.6,5.9,180.0,167.8,6.2,3.8,2.0,25.0,27.7,0
32,mango32_bott_u_hor.jpg,bottom,0,8.8,6.6,5.9,180.0,167.8,6.2,3.8,2.0,25.0,27.7,0
32,mango32_bott_u_ver.jpg,bottom,0,8.8,6.6,5.9,180.0,167.8,6.2,3.8,2.0,25.0,27.7,0
32,mango32_fro_u.jpg,front,0,8.8,6.6,5.9,180.0,167.8,6.2,3.8,2.0,25.0,27.7,0
32,mango32_fro_u_hor.jpg,front,0,8.8,6.6,5.9,180.0,167.8,6.2,3.8,2.0,25.0,27.7,0
32,mango32_fro_u_ver.jpg,front,0,8.8,6.6,5.9,180.0,167.8,6.2,3.8,2.0,25.0,27.7,0
32,mango32_sia_u.jpg,side,0,8.8,6.6,5.9,180.0,167.8,6.2,3.8,2.0,25.0,27.7,0
32,mango32_sia_u_ver.jpg,side,0,8.8,6.6,5.9,180.0,167.8,6.2,3.8,2.0,25.0,27.7,0
32,mango32_sib_u.jpg,side,0,8.8,6.6,5.9,180.0,167.8,6.2,3.8,2.0,25.0,27.7,0
32,mango32_sib_u_ver.jpg,side,0,8.8,6.6,5.9,180.0,167.8,6.2,3.8,2.0,25.0,27.7,0
32,mango32_top_u.jpg,top,0,8.8,6.6,5.9,180.0,167.8,6.2,3.8,2.0,25.0,27.7,0
32,mango32_top_u_hor.jpg,top,0,8.8,6.6,5.9,180.0,167.8,6.2,3.8,2.0,25.0,27.7,0
32,mango32_top_u_ver.jpg,top,0,8.8,6.6,5.9,180.0,167.8,6.2,3.8,2.0,25.0,27.7,0
33,mango33_bac_r.jpg,back,1,8.1,7.0,6.1,200.0,205.0,6.0,3.8,1.9,25.0,28.6,0
33,mango33_bac_r_hor.jpg,back,1,8.1,7.0,6.1,200.0,205.0,6.0,3.8,1.9,25.0,28.6,0
33,mango33_bac_r_ver.jpg,back,1,8.1,7.0,6.1,200.0,205.0,6.0,3.8,1.9,25.0,28.6,0
33,mango33_bot_r.jpg,bottom,1,8.1,7.0,6.1,200.0,205.0,6.0,3.8,1.9,25.0,28.6,0
33,mango33_bot_r_hor.jpg,bottom,1,8.1,7.0,6.1,200.0,205.0,6.0,3.8,1.9,25.0,28.6,0
33,mango33_bot_r_ver.jpg,bottom,1,8.1,7.0,6.1,200.0,205.0,6.0,3.8,1.9,25.0,28.6,0
33,mango33_fro_r.jpg,front,1,8.1,7.0,6.1,200.0,205.0,6.0,3.8,1.9,25.0,28.6,0
33,mango33_fro_r_hor.jpg,front,1,8.1,7.0,6.1,200.0,205.0,6.0,3.8,1.9,25.0,28.6,0
33,mango33_fro_r_ver.jpg,front,1,8.1,7.0,6.1,200.0,205.0,6.0,3.8,1.9,25.0,28.6,0
33,mango33_sia_r.jpg,side,1,8.1,7.0,6.1,200.0,205.0,6.0,3.8,1.9,25.0,28.6,0
33,mango33_sia_r_ver.jpg,side,1,8.1,7.0,6.1,200.0,205.0,6.0,3.8,1.9,25.0,28.6,0
33,mango33_sib_r.jpg,side,1,8.1,7.0,6.1,200.0,205.0,6.0,3.8,1.9,25.0,28.6,0
33,mango33_sib_r_ver.jpg,side,1,8.1,7.0,6.1,200.0,205.0,6.0,3.8,1.9,25.0,28.6,0
33,mango33_top_r.jpg,top,1,8.1,7.0,6.1,200.0,205.0,6.0,3.8,1.9,25.0,28.6,0
33,mango33_top_r_hor.jpg,top,1,8.1,7.0,6.1,200.0,205.0,6.0,3.8,1.9,25.0,28.6,0
33,mango33_top_r_ver.jpg,top,1,8.1,7.0,6.1,200.0,205.0,6.0,3.8,1.9,25.0,28.6,0
34,mango34_bac_u.jpg,back,0,7.7,6.3,5.4,140.0,132.2,5.2,3.5,1.9,20.0,20.0,0
34,mango34_bac_u_hor.jpg,back,0,7.7,6.3,5.4,140.0,132.2,5.2,3.5,1.9,20.0,20.0,0
34,mango34_bac_u_ver.jpg,back,0,7.7,6.3,5.4,140.0,132.2,5.2,3.5,1.9,20.0,20.0,0
34,mango34_bot_u.jpg,bottom,0,7.7,6.3,5.4,140.0,132.2,5.2,3.5,1.9,20.0,20.0,0
34,mango34_bot_u_hor.jpg,bottom,0,7.7,6.3,5.4,140.0,132.2,5.2,3.5,1.9,20.0,20.0,0
34,mango34_bot_u_ver.jpg,bottom,0,7.7,6.3,5.4,140.0,132.2,5.2,3.5,1.9,20.0,20.0,0
34,mango34_fro_u.jpg,front,0,7.7,6.3,5.4,140.0,132.2,5.2,3.5,1.9,20.0,20.0,0
34,mango34_fro_u_hor.jpg,front,0,7.7,6.3,5.4,140.0,132.2,5.2,3.5,1.9,20.0,20.0,0
34,mango34_fro_u_ver.jpg,front,0,7.7,6.3,5.4,140.0,132.2,5.2,3.5,1.9,20.0,20.0,0
34,mango34_sia_u.jpg,side,0,7.7,6.3,5.4,140.0,132.2,5.2,3.5,1.9,20.0,20.0,0
34,mango34_sia_u_ver.jpg,side,0,7.7,6.3,5.4,140.0,132.2,5.2,3.5,1.9,20.0,20.0,0
34,mango34_sib_u.jpg,side,0,7.7,6.3,5.4,140.0,132.2,5.2,3.5,1.9,20.0,20.0,0
34,mango34_sib_u_ver.jpg,side,0,7.7,6.3,5.4,140.0,132.2,5.2,3.5,1.9,20.0,20.0,0
34,mango34_top_u.jpg,top,0,7.7,6.3,5.4,140.0,132.2,5.2,3.5,1.9,20.0,20.0,0
34,mango34_top_u_hor.jpg,top,0,7.7,6.3,5.4,140.0,132.2,5.2,3.5,1.9,20.0,20.0,0
34,mango34_top_u_ver.jpg,top,0,7.7,6.3,5.4,140.0,132.2,5.2,3.5,1.9,20.0,20.0,0
35,mango35_bac_u.jpg,back,0,7.7,6.6,5.6,150.0,148.9,5.6,3.6,1.7,20.0,22.0,0
35,mango35_bac_u_hor.jpg,back,0,7.7,6.6,5.6,150.0,148.9,5.6,3.6,1.7,20.0,22.0,0
35,mango35_bac_u_ver.jpg,back,0,7.7,6.6,5.6,150.0,148.9,5.6,3.6,1.7,20.0,22.0,0
35,mango35_bot_u.jpg,bottom,0,7.7,6.6,5.6,150.0,148.9,5.6,3.6,1.7,20.0,22.0,0
35,mango35_bot_u_hor.jpg,bottom,0,7.7,6.6,5.6,150.0,148.9,5.6,3.6,1.7,20.0,22.0,0
35,mango35_bot_u_ver.jpg,bottom,0,7.7,6.6,5.6,150.0,148.9,5.6,3.6,1.7,20.0,22.0,0
35,mango35_fro_u.jpg,front,0,7.7,6.6,5.6,150.0,148.9,5.6,3.6,1.7,20.0,22.0,0
35,mango35_fro_u_hor.jpg,front,0,7.7,6.6,5.6,150.0,148.9,5.6,3.6,1.7,20.0,22.0,0
35,mango35_fro_u_ver.jpg,front,0,7.7,6.6,5.6,150.0,148.9,5.6,3.6,1.7,20.0,22.0,0
35,mango35_sia_u.jpg,side,0,7.7,6.6,5.6,150.0,148.9,5.6,3.6,1.7,20.0,22.0,0
35,mango35_sia_u_ver.jpg,side,0,7.7,6.6,5.6,150.0,148.9,5.6,3.6,1.7,20.0,22.0,0
35,mango35_sib_u.jpg,side,0,7.7,6.6,5.6,150.0,148.9,5.6,3.6,1.7,20.0,22.0,0
35,mango35_sib_u_ver.jpg,side,0,7.7,6.6,5.6,150.0,148.9,5.6,3.6,1.7,20.0,22.0,0
35,mango35_top_u.jpg,top,0,7.7,6.6,5.6,150.0,148.9,5.6,3.6,1.7,20.0,22.0,0
35,mango35_top_u_hor.jpg,top,0,7.7,6.6,5.6,150.0,148.9,5.6,3.6,1.7,20.0,22.0,0
35,mango35_top_u_ver.jpg,top,0,7.7,6.6,5.6,150.0,148.9,5.6,3.6,1.7,20.0,22.0,0
36,mango36_bac_r.jpg,back,1,6.9,5.3,4.8,95.0,94.5,5.3,3.1,1.6,12.0,13.0,1
36,mango36_bac_r_hor.jpg,back,1,6.9,5.3,4.8,95.0,94.5,5.3,3.1,1.6,12.0,13.0,1
36,mango36_bac_r_ver.jpg,back,1,6.9,5.3,4.8,95.0,94.5,5.3,3.1,1.6,12.0,13.0,1
36,mango36_bot_r.jpg,bottom,1,6.9,5.3,4.8,95.0,94.5,5.3,3.1,1.6,12.0,13.0,1
36,mango36_bot_r_hor.jpg,bottom,1,6.9,5.3,4.8,95.0,94.5,5.3,3.1,1.6,12.0,13.0,1
36,mango36_bot_r_ver.jpg,bottom,1,6.9,5.3,4.8,95.0,94.5,5.3,3.1,1.6,12.0,13.0,1
36,mango36_fro_r.jpg,front,1,6.9,5.3,4.8,95.0,94.5,5.3,3.1,1.6,12.0,13.0,1
36,mango36_fro_r_hor.jpg,front,1,6.9,5.3,4.8,95.0,94.5,5.3,3.1,1.6,12.0,13.0,1
36,mango36_fro_r_ver.jpg,front,1,6.9,5.3,4.8,95.0,94.5,5.3,3.1,1.6,12.0,13.0,1
36,mango36_sia_r.jpg,side,1,6.9,5.3,4.8,95.0,94.5,5.3,3.1,1.6,12.0,13.0,1
36,mango36_sia_r_ver.jpg,side,1,6.9,5.3,4.8,95.0,94.5,5.3,3.1,1.6,12.0,13.0,1
36,mango36_top_r.jpg,top,1,6.9,5.3,4.8,95.0,94.5,5.3,3.1,1.6,12.0,13.0,1
36,mango36_top_r_hor.jpg,top,1,6.9,5.3,4.8,95.0,94.5,5.3,3.1,1.6,12.0,13.0,1
36,mango36_top_r_ver.jpg,top,1,6.9,5.3,4.8,95.0,94.5,5.3,3.1,1.6,12.0,13.0,1
37,mango37_bac_r.jpg,back,1,5.8,4.8,5.0,70.0,72.2,4.6,2.9,1.6,10.0,10.0,1
37,mango37_bac_r_hor.jpg,back,1,5.8,4.8,5.0,70.0,72.2,4.6,2.9,1.6,10.0,10.0,1
37,mango37_bac_r_ver.jpg,back,1,5.8,4.8,5.0,70.0,72.2,4.6,2.9,1.6,10.0,10.0,1
37,mango37_bot.jpg,bottom,1,5.8,4.8,5.0,70.0,72.2,4.6,2.9,1.6,10.0,10.0,1
37,mango37_bot_hor.jpg,bottom,1,5.8,4.8,5.0,70.0,72.2,4.6,2.9,1.6,10.0,10.0,1
37,mango37_bot_ver.jpg,bottom,1,5.8,4.8,5.0,70.0,72.2,4.6,2.9,1.6,10.0,10.0,1
37,mango37_fro_r.jpg,front,1,5.8,4.8,5.0,70.0,72.2,4.6,2.9,1.6,10.0,10.0,1
37,mango37_fro_r_hor.jpg,front,1,5.8,4.8,5.0,70.0,72.2,4.6,2.9,1.6,10.0,10.0,1
37,mango37_fro_r_ver.jpg,front,1,5.8,4.8,5.0,70.0,72.2,4.6,2.9,1.6,10.0,10.0,1
37,mango37_sia_r.jpg,side,1,5.8,4.8,5.0,70.0,72.2,4.6,2.9,1.6,10.0,10.0,1
37,mango37_sia_r_ver.jpg,side,1,5.8,4.8,5.0,70.0,72.2,4.6,2.9,1.6,10.0,10.0,1
37,mango37_sib_r.jpg,side,1,5.8,4.8,5.0,70.0,72.2,4.6,2.9,1.6,10.0,10.0,1
37,mango37_sib_r_ver.jpg,side,1,5.8,4.8,5.0,70.0,72.2,4.6,2.9,1.6,10.0,10.0,1
37,mango37_top_r.jpg,top,1,5.8,4.8,5.0,70.0,72.2,4.6,2.9,1.6,10.0,10.0,1
37,mango37_top_r_hor.jpg,top,1,5.8,4.8,5.0,70.0,72.2,4.6,2.9,1.6,10.0,10.0,1
37,mango37_top_r_ver.jpg,top,1,5.8,4.8,5.0,70.0,72.2,4.6,2.9,1.6,10.0,10.0,1
38,mango38_bac_r.jpg,back,1,8.1,6.7,6.4,185.0,186.4,6.1,3.8,2.0,25.0,26.0,1
38,mango38_bac_r_hor.jpg,back,1,8.1,6.7,6.4,185.0,186.4,6.1,3.8,2.0,25.0,26.0,1
38,mango38_bac_r_ver.jpg,back,1,8.1,6.7,6.4,185.0,186.4,6.1,3.8,2.0,25.0,26.0,1
38,mango38_bot_r.jpg,bottom,1,8.1,6.7,6.4,185.0,186.4,6.1,3.8,2.0,25.0,26.0,1
38,mango38_bot_r_hor.jpg,bottom,1,8.1,6.7,6.4,185.0,186.4,6.1,3.8,2.0,25.0,26.0,1
38,mango38_bot_r_ver.jpg,bottom,1,8.1,6.7,6.4,185.0,186.4,6.1,3.8,2.0,25.0,26.0,1
38,mango38_fro_r.jpg,front,1,8.1,6.7,6.4,185.0,186.4,6.1,3.8,2.0,25.0,26.0,1
38,mango38_fro_r_hor.jpg,front,1,8.1,6.7,6.4,185.0,186.4,6.1,3.8,2.0,25.0,26.0,1
38,mango38_fro_r_ver.jpg,front,1,8.1,6.7,6.4,185.0,186.4,6.1,3.8,2.0,25.0,26.0,1
38,mango38_sib_r.jpg,side,1,8.1,6.7,6.4,185.0,186.4,6.1,3.8,2.0,25.0,26.0,1
38,mango38_sib_r_ver.jpg,side,1,8.1,6.7,6.4,185.0,186.4,6.1,3.8,2.0,25.0,26.0,1
38,mango38_top_r.jpg,top,1,8.1,6.7,6.4,185.0,186.4,6.1,3.8,2.0,25.0,26.0,1
38,mango38_top_r_hor.jpg,top,1,8.1,6.7,6.4,185.0,186.4,6.1,3.8,2.0,25.0,26.0,1
38,mango38_top_r_ver.jpg,top,1,8.1,6.7,6.4,185.0,186.4,6.1,3.8,2.0,25.0,26.0,1
38,mango38a_sia_r.jpg,side,1,8.1,6.7,6.4,185.0,186.4,6.1,3.8,2.0,25.0,26.0,1
38,mango38a_sia_r_ver.jpg,side,1,8.1,6.7,6.4,185.0,186.4,6.1,3.8,2.0,25.0,26.0,1
39,mango39_bac_r.jpg,back,1,7.9,6.6,6.0,180.0,184.5,6.0,3.7,1.9,25.0,25.5,1
39,mango39_bac_r_hor.jpg,back,1,7.9,6.6,6.0,180.0,184.5,6.0,3.7,1.9,25.0,25.5,1
39,mango39_bac_r_ver.jpg,back,1,7.9,6.6,6.0,180.0,184.5,6.0,3.7,1.9,25.0,25.5,1
39,mango39_bot_r.jpg,bottom,1,7.9,6.6,6.0,180.0,184.5,6.0,3.7,1.9,25.0,25.5,1
39,mango39_bot_r_hor.jpg,bottom,1,7.9,6.6,6.0,180.0,184.5,6.0,3.7,1.9,25.0,25.5,1
39,mango39_bot_r_ver.jpg,bottom,1,7.9,6.6,6.0,180.0,184.5,6.0,3.7,1.9,25.0,25.5,1
39,mango39_fro_r.jpg,front,1,7.9,6.6,6.0,180.0,184.5,6.0,3.7,1.9,25.0,25.5,1
39,mango39_fro_r_hor.jpg,front,1,7.9,6.6,6.0,180.0,184.5,6.0,3.7,1.9,25.0,25.5,1
39,mango39_fro_r_ver.jpg,front,1,7.9,6.6,6.0,180.0,184.5,6.0,3.7,1.9,25.0,25.5,1
39,mango39_sia_r.jpg,side,1,7.9,6.6,6.0,180.0,184.5,6.0,3.7,1.9,25.0,25.5,1
39,mango39_sia_r_ver.jpg,side,1,7.9,6.6,6.0,180.0,184.5,6.0,3.7,1.9,25.0,25.5,1
39,mango39_sib_r.jpg,side,1,7.9,6.6,6.0,180.0,184.5,6.0,3.7,1.9,25.0,25.5,1
39,mango39_sib_r_ver.jpg,side,1,7.9,6.6,6.0,180.0,184.5,6.0,3.7,1.9,25.0,25.5,1
39,mango39_top_r.jpg,top,1,7.9,6.6,6.0,180.0,184.5,6.0,3.7,1.9,25.0,25.5,1
39,mango39_top_r_hor.jpg,top,1,7.9,6.6,6.0,180.0,184.5,6.0,3.7,1.9,25.0,25.5,1
39,mango39_top_r_ver.jpg,top,1,7.9,6.6,6.0,180.0,184.5,6.0,3.7,1.9,25.0,25.5,1
40,mango40_bac_r.jpg,back,1,7.3,6.4,5.9,150.0,154.1,5.5,3.6,1.9,20.0,21.5,1
40,mango40_bac_r_hor.jpg,back,1,7.3,6.4,5.9,150.0,154.1,5.5,3.6,1.9,20.0,21.5,1
40,mango40_bac_r_ver.jpg,back,1,7.3,6.4,5.9,150.0,154.1,5.5,3.6,1.9,20.0,21.5,1
40,mango40_bot_r.jpg,bottom,1,7.3,6.4,5.9,150.0,154.1,5.5,3.6,1.9,20.0,21.5,1
40,mango40_bot_r_hor.jpg,bottom,1,7.3,6.4,5.9,150.0,154.1,5.5,3.6,1.9,20.0,21.5,1
40,mango40_bot_r_ver.jpg,bottom,1,7.3,6.4,5.9,150.0,154.1,5.5,3.6,1.9,20.0,21.5,1
40,mango40_fro_r.jpg,front,1,7.3,6.4,5.9,150.0,154.1,5.5,3.6,1.9,20.0,21.5,1
40,mango40_fro_r_hor.jpg,front,1,7.3,6.4,5.9,150.0,154.1,5.5,3.6,1.9,20.0,21.5,1
40,mango40_fro_r_ver.jpg,front,1,7.3,6.4,5.9,150.0,154.1,5.5,3.6,1.9,20.0,21.5,1
40,mango40_sia_r.jpg,side,1,7.3,6.4,5.9,150.0,154.1,5.5,3.6,1.9,20.0,21.5,1
40,mango40_sia_r_ver.jpg,side,1,7.3,6.4,5.9,150.0,154.1,5.5,3.6,1.9,20.0,21.5,1
40,mango40_sib_r.jpg,side,1,7.3,6.4,5.9,150.0,154.1,5.5,3.6,1.9,20.0,21.5,1
40,mango40_sib_r_ver.jpg,side,1,7.3,6.4,5.9,150.0,154.1,5.5,3.6,1.9,20.0,21.5,1
40,mango40_top_r.jpg,top,1,7.3,6.4,5.9,150.0,154.1,5.5,3.6,1.9,20.0,21.5,1
40,mango40_top_r_hor.jpg,top,1,7.3,6.4,5.9,150.0,154.1,5.5,3.6,1.9,20.0,21.5,1
40,mango40_top_r_ver.jpg,top,1,7.3,6.4,5.9,150.0,154.1,5.5,3.6,1.9,20.0,21.5,1
41,mango41_bac_r.jpg,back,1,7.3,6.1,5.8,140.0,145.0,5.5,3.5,1.9,20.0,20.0,1
41,mango41_bac_r_hor.jpg,back,1,7.3,6.1,5.8,140.0,145.0,5.5,3.5,1.9,20.0,20.0,1
41,mango41_bac_r_ver.jpg,back,1,7.3,6.1,5.8,140.0,145.0,5.5,3.5,1.9,20.0,20.0,1
41,mango41_bot_r.jpg,bottom,1,7.3,6.1,5.8,140.0,145.0,5.5,3.5,1.9,20.0,20.0,1
41,mango41_bot_r_hor.jpg,bottom,1,7.3,6.1,5.8,140.0,145.0,5.5,3.5,1.9,20.0,20.0,1
41,mango41_bot_r_ver.jpg,bottom,1,7.3,6.1,5.8,140.0,145.0,5.5,3.5,1.9,20.0,20.0,1
41,mango41_fro_r.jpg,front,1,7.3,6.1,5.8,140.0,145.0,5.5,3.5,1.9,20.0,20.0,1
41,mango41_fro_r_hor.jpg,front,1,7.3,6.1,5.8,140.0,145.0,5.5,3.5,1.9,20.0,20.0,1
41,mango41_fro_r_ver.jpg,front,1,7.3,6.1,5.8,140.0,145.0,5.5,3.5,1.9,20.0,20.0,1
41,mango41_sia_r.jpg,side,1,7.3,6.1,5.8,140.0,145.0,5.5,3.5,1.9,20.0,20.0,1
41,mango41_sia_r_ver.jpg,side,1,7.3,6.1,5.8,140.0,145.0,5.5,3.5,1.9,20.0,20.0,1
41,mango41_sib_r.jpg,side,1,7.3,6.1,5.8,140.0,145.0,5.5,3.5,1.9,20.0,20.0,1
41,mango41_sib_r_ver.jpg,side,1,7.3,6.1,5.8,140.0,145.0,5.5,3.5,1.9,20.0,20.0,1
41,mango41_top_r.jpg,top,1,7.3,6.1,5.8,140.0,145.0,5.5,3.5,1.9,20.0,20.0,1
41,mango41_top_r_hor.jpg,top,1,7.3,6.1,5.8,140.0,145.0,5.5,3.5,1.9,20.0,20.0,1
41,mango41_top_r_ver.jpg,top,1,7.3,6.1,5.8,140.0,145.0,5.5,3.5,1.9,20.0,20.0,1
42,mango42_bac_r.jpg,back,1,8.1,6.6,6.4,210.0,196.5,6.1,3.8,2.2,30.0,28.5,1
42,mango42_bac_r_hor.jpg,back,1,8.1,6.6,6.4,210.0,196.5,6.1,3.8,2.2,30.0,28.5,1
42,mango42_bac_r_ver.jpg,back,1,8.1,6.6,6.4,210.0,196.5,6.1,3.8,2.2,30.0,28.5,1
42,mango42_bot_r.jpg,bottom,1,8.1,6.6,6.4,210.0,196.5,6.1,3.8,2.2,30.0,28.5,1
42,mango42_bot_r_hor.jpg,bottom,1,8.1,6.6,6.4,210.0,196.5,6.1,3.8,2.2,30.0,28.5,1
42,mango42_bot_r_ver.jpg,bottom,1,8.1,6.6,6.4,210.0,196.5,6.1,3.8,2.2,30.0,28.5,1
42,mango42_fro_r.jpg,front,1,8.1,6.6,6.4,210.0,196.5,6.1,3.8,2.2,30.0,28.5,1
42,mango42_fro_r_hor.jpg,front,1,8.1,6.6,6.4,210.0,196.5,6.1,3.8,2.2,30.0,28.5,1
42,mango42_fro_r_ver.jpg,front,1,8.1,6.6,6.4,210.0,196.5,6.1,3.8,2.2,30.0,28.5,1
42,mango42_sia_r.jpg,side,1,8.1,6.6,6.4,210.0,196.5,6.1,3.8,2.2,30.0,28.5,1
42,mango42_sia_r_ver.jpg,side,1,8.1,6.6,6.4,210.0,196.5,6.1,3.8,2.2,30.0,28.5,1
42,mango42_sib_r.jpg,side,1,8.1,6.6,6.4,210.0,196.5,6.1,3.8,2.2,30.0,28.5,1
42,mango42_sib_r_ver.jpg,side,1,8.1,6.6,6.4,210.0,196.5,6.1,3.8,2.2,30.0,28.5,1
42,mango42_top_r.jpg,top,1,8.1,6.6,6.4,210.0,196.5,6.1,3.8,2.2,30.0,28.5,1
42,mango42_top_r_hor.jpg,top,1,8.1,6.6,6.4,210.0,196.5,6.1,3.8,2.2,30.0,28.5,1
42,mango42_top_r_ver.jpg,top,1,8.1,6.6,6.4,210.0,196.5,6.1,3.8,2.2,30.0,28.5,1
43,mango43_bac_u.jpg,back,0,7.3,6.4,5.9,150.0,149.8,5.5,3.7,2.0,20.0,22.0,1
43,mango43_bac_u_hor.jpg,back,0,7.3,6.4,5.9,150.0,149.8,5.5,3.7,2.0,20.0,22.0,1
43,mango43_bac_u_ver.jpg,back,0,7.3,6.4,5.9,150.0,149.8,5.5,3.7,2.0,20.0,22.0,1
43,mango43_bot_u.jpg,bottom,0,7.3,6.4,5.9,150.0,149.8,5.5,3.7,2.0,20.0,22.0,1
43,mango43_bot_u_hor.jpg,bottom,0,7.3,6.4,5.9,150.0,149.8,5.5,3.7,2.0,20.0,22.0,1
43,mango43_bot_u_ver.jpg,bottom,0,7.3,6.4,5.9,150.0,149.8,5.5,3.7,2.0,20.0,22.0,1
43,mango43_fro_u.jpg,front,0,7.3,6.4,5.9,150.0,149.8,5.5,3.7,2.0,20.0,22.0,1
43,mango43_fro_u_hor.jpg,front,0,7.3,6.4,5.9,150.0,149.8,5.5,3.7,2.0,20.0,22.0,1
43,mango43_fro_u_ver.jpg,front,0,7.3,6.4,5.9,150.0,149.8,5.5,3.7,2.0,20.0,22.0,1
43,mango43_sia_u.jpg,side,0,7.3,6.4,5.9,150.0,149.8,5.5,3.7,2.0,20.0,22.0,1
43,mango43_sia_u_ver.jpg,side,0,7.3,6.4,5.9,150.0,149.8,5.5,3.7,2.0,20.0,22.0,1
43,mango43_sib_u.jpg,side,0,7.3,6.4,5.9,150.0,149.8,5.5,3.7,2.0,20.0,22.0,1
43,mango43_sib_u_ver.jpg,side,0,7.3,6.4,5.9,150.0,149.8,5.5,3.7,2.0,20.0,22.0,1
43,mango43_top_u.jpg,top,0,7.3,6.4,5.9,150.0,149.8,5.5,3.7,2.0,20.0,22.0,1
43,mango43_top_u_hor.jpg,top,0,7.3,6.4,5.9,150.0,149.8,5.5,3.7,2.0,20.0,22.0,1
43,mango43_top_u_ver.jpg,top,0,7.3,6.4,5.9,150.0,149.8,5.5,3.7,2.0,20.0,22.0,1
44,mango44_bac_u.jpg,back,0,7.4,6.3,5.8,180.0,170.3,5.6,3.6,2.0,25.0,24.5,1
44,mango44_bac_u_hor.jpg,back,0,7.4,6.3,5.8,180.0,170.3,5.6,3.6,2.0,25.0,24.5,1
44,mango44_bac_u_ver.jpg,back,0,7.4,6.3,5.8,180.0,170.3,5.6,3.6,2.0,25.0,24.5,1
44,mango44_bot_u.jpg,bottom,0,7.4,6.3,5.8,180.0,170.3,5.6,3.6,2.0,25.0,24.5,1
44,mango44_bot_u_hor.jpg,bottom,0,7.4,6.3,5.8,180.0,170.3,5.6,3.6,2.0,25.0,24.5,1
44,mango44_bot_u_ver.jpg,bottom,0,7.4,6.3,5.8,180.0,170.3,5.6,3.6,2.0,25.0,24.5,1
44,mango44_fro_u.jpg,front,0,7.4,6.3,5.8,180.0,170.3,5.6,3.6,2.0,25.0,24.5,1
44,mango44_fro_u_hor.jpg,front,0,7.4,6.3,5.8,180.0,170.3,5.6,3.6,2.0,25.0,24.5,1
44,mango44_fro_u_ver.jpg,front,0,7.4,6.3,5.8,180.0,170.3,5.6,3.6,2.0,25.0,24.5,1
44,mango44_sia_u.jpg,side,0,7.4,6.3,5.8,180.0,170.3,5.6,3.6,2.0,25.0,24.5,1
44,mango44_sia_u_ver.jpg,side,0,7.4,6.3,5.8,180.0,170.3,5.6,3.6,2.0,25.0,24.5,1
44,mango44_sib_u.jpg,side,0,7.4,6.3,5.8,180.0,170.3,5.6,3.6,2.0,25.0,24.5,1
44,mango44_sib_u_ver.jpg,side,0,7.4,6.3,5.8,180.0,170.3,5.6,3.6,2.0,25.0,24.5,1
44,mango44_top_u.jpg,top,0,7.4,6.3,5.8,180.0,170.3,5.6,3.6,2.0,25.0,24.5,1
44,mango44_top_u_hor.jpg,top,0,7.4,6.3,5.8,180.0,170.3,5.6,3.6,2.0,25.0,24.5,1
44,mango44_top_u_ver.jpg,top,0,7.4,6.3,5.8,180.0,170.3,5.6,3.6,2.0,25.0,24.5,1
45,mango45_bac_u.jpg,back,0,7.9,6.3,5.9,180.0,172.7,5.9,3.6,2.0,25.0,25.0,1
45,mango45_bac_u_hor.jpg,back,0,7.9,6.3,5.9,180.0,172.7,5.9,3.6,2.0,25.0,25.0,1
45,mango45_bac_u_ver.jpg,back,0,7.9,6.3,5.9,180.0,172.7,5.9,3.6,2.0,25.0,25.0,1
45,mango45_bot_u.jpg,bottom,0,7.9,6.3,5.9,180.0,172.7,5.9,3.6,2.0,25.0,25.0,1
45,mango45_bot_u_hor.jpg,bottom,0,7.9,6.3,5.9,180.0,172.7,5.9,3.6,2.0,25.0,25.0,1
45,mango45_bot_u_ver.jpg,bottom,0,7.9,6.3,5.9,180.0,172.7,5.9,3.6,2.0,25.0,25.0,1
45,mango45_fro_u.jpg,front,0,7.9,6.3,5.9,180.0,172.7,5.9,3.6,2.0,25.0,25.0,1
45,mango45_fro_u_hor.jpg,front,0,7.9,6.3,5.9,180.0,172.7,5.9,3.6,2.0,25.0,25.0,1
45,mango45_fro_u_ver.jpg,front,0,7.9,6.3,5.9,180.0,172.7,5.9,3.6,2.0,25.0,25.0,1
45,mango45_sia_u.jpg,side,0,7.9,6.3,5.9,180.0,172.7,5.9,3.6,2.0,25.0,25.0,1
45,mango45_sia_u_ver.jpg,side,0,7.9,6.3,5.9,180.0,172.7,5.9,3.6,2.0,25.0,25.0,1
45,mango45_sib_u.jpg,side,0,7.9,6.3,5.9,180.0,172.7,5.9,3.6,2.0,25.0,25.0,1
45,mango45_sib_u_ver.jpg,side,0,7.9,6.3,5.9,180.0,172.7,5.9,3.6,2.0,25.0,25.0,1
45,mango45_top_u.jpg,top,0,7.9,6.3,5.9,180.0,172.7,5.9,3.6,2.0,25.0,25.0,1
45,mango45_top_u_hor.jpg,top,0,7.9,6.3,5.9,180.0,172.7,5.9,3.6,2.0,25.0,25.0,1
45,mango45_top_u_ver.jpg,top,0,7.9,6.3,5.9,180.0,172.7,5.9,3.6,2.0,25.0,25.0,1
